filename,complete,dname_f,alg_f,k_or_tol_f,mtype_f,perm_mode_f,omp_threads_f,alg,mtype,k,tol,dname,dfile,perm_mode,tensor_shape,time_transform_matrix,time_data_to_pystarm,compression_ratio,time_compress_ttm_total,time_slicewise_svd,time_slicewise_svdvals,time_thresholds,time_slicewise_svdks,time_reconstruct_matmul,time_reconstruct_ttm_total,absolute_err,relative_err,norm_original,norm_reconstructed
traffic_tsvdmi_10_dct_0123_64,True,traffic,tsvdmi,10,dct,0123,64,tsvdmi,dct,10,None,traffic,data/traffic.bin,"(0, 1, 2, 3)","(120, 160, 3, 120)",0.000528208096511662,9.358045645058155e-06,6.832740213523132,0.03188984910957515,0.017408031038939953,,,,0.002594943973235786,0.009921393124386668,44469.5411153098,0.1301194025690575,341759.493490671,338853.96751992387
traffic_tsvdmi_10_dct_0321_64,True,traffic,tsvdmi,10,dct,0321,64,tsvdmi,dct,10,None,traffic,data/traffic.bin,"(0, 3, 2, 1)","(120, 120, 3, 160)",0.0006586309755221009,9.307987056672573e-06,5.975103734439834,0.04148692695889622,0.019560831948183477,,,,0.0032401680946350098,0.012617462896741927,29354.377407502023,0.0858919151233565,341759.493490671,340496.5079380667
traffic_tsvdmi_10_eye_0123_64,True,traffic,tsvdmi,10,eye,0123,64,tsvdmi,eye,10,None,traffic,data/traffic.bin,"(0, 1, 2, 3)","(120, 160, 3, 120)",2.2350577637553215e-06,3.953592386096716e-05,6.832740213523132,,0.05081324209459126,,,,0.0023875139886513352,,45636.9484195547,0.13353527638230905,341759.493490671,338698.71616224194
traffic_tsvdmi_10_eye_0321_64,True,traffic,tsvdmi,10,eye,0321,64,tsvdmi,eye,10,None,traffic,data/traffic.bin,"(0, 3, 2, 1)","(120, 120, 3, 160)",2.2639287635684013e-06,3.878504503518343e-05,5.975103734439834,,0.04192843695636839,,,,0.0022339479764923453,,26185.530275629997,0.07661975972686413,341759.493490671,340754.8523428303
traffic_tsvdmi_10_hosvd_0123_64,True,traffic,tsvdmi,10,hosvd,0123,64,tsvdmi,hosvd,10,None,traffic,data/traffic.bin,"(0, 1, 2, 3)","(120, 160, 3, 120)",0.6221643229946494,3.0047958716750145e-05,6.832740213523132,0.07296633394435048,0.019950864021666348,,,,0.002679286990314722,0.01082538696937263,47119.586255536546,0.13787352554354945,341759.493490671,338495.6365776477
traffic_tsvdmi_10_hosvd_0321_64,True,traffic,tsvdmi,10,hosvd,0321,64,tsvdmi,hosvd,10,None,traffic,data/traffic.bin,"(0, 3, 2, 1)","(120, 120, 3, 160)",0.5486937270034105,2.1661981008946896e-05,5.975103734439834,0.04873256792780012,0.026919473079033196,,,,0.0031960130436345935,0.013780476059764624,29427.17550135634,0.08610492484288404,341759.493490671,340490.22413721686
traffic_tsvdmi_20_dct_0123_64,True,traffic,tsvdmi,20,dct,0123,64,tsvdmi,dct,20,None,traffic,data/traffic.bin,"(0, 1, 2, 3)","(120, 160, 3, 120)",0.0005446999566629529,8.836970664560795e-06,3.416370106761566,0.031911700963974,0.023560294997878373,,,,0.002941983053460717,0.010328848147764802,33131.755901168304,0.0969446541565427,341759.493490671,340149.7290046035
traffic_tsvdmi_20_dct_0321_64,True,traffic,tsvdmi,20,dct,0321,64,tsvdmi,dct,20,None,traffic,data/traffic.bin,"(0, 3, 2, 1)","(120, 120, 3, 160)",0.0006785980658605695,8.495990186929703e-06,2.987551867219917,0.059816182940267026,0.03079264296684414,,,,0.003070009988732636,0.012647820985876024,20681.41380131137,0.06051452613671406,341759.493490671,341133.1565740552
traffic_tsvdmi_20_eye_0123_64,True,traffic,tsvdmi,20,eye,0123,64,tsvdmi,eye,20,None,traffic,data/traffic.bin,"(0, 1, 2, 3)","(120, 160, 3, 120)",2.6150373741984367e-06,3.9736973121762276e-05,3.416370106761566,,0.045664622099138796,,,,0.00273784005548805,,34257.60346016665,0.10023892272974058,341759.493490671,340038.18608527776
traffic_tsvdmi_20_eye_0321_64,True,traffic,tsvdmi,20,eye,0321,64,tsvdmi,eye,20,None,traffic,data/traffic.bin,"(0, 3, 2, 1)","(120, 120, 3, 160)",2.7960631996393204e-06,4.005699884146452e-05,2.987551867219917,,0.04832259798422456,,,,0.002797254011966288,,15760.583460312577,0.0461160077788528,341759.493490671,341395.89247674105
traffic_tsvdmi_20_hosvd_0123_64,True,traffic,tsvdmi,20,hosvd,0123,64,tsvdmi,hosvd,20,None,traffic,data/traffic.bin,"(0, 1, 2, 3)","(120, 160, 3, 120)",0.5922917149728164,2.725201193243265e-05,3.416370106761566,0.04650239902548492,0.029144985019229352,,,,0.003034390974789858,0.010928955976851285,35480.002917984595,0.10381570547052878,341759.493490671,339912.8135036096
traffic_tsvdmi_20_hosvd_0321_64,True,traffic,tsvdmi,20,hosvd,0321,64,tsvdmi,hosvd,20,None,traffic,data/traffic.bin,"(0, 3, 2, 1)","(120, 120, 3, 160)",0.5981711230706424,2.6881927624344826e-05,2.987551867219917,0.06329144490882754,0.03208219900261611,,,,0.0037583380471915007,0.013959640986286104,20671.08279180208,0.06048429724854546,341759.493490671,341133.78274104465
traffic_tsvdmi_40_dct_0123_64,True,traffic,tsvdmi,40,dct,0123,64,tsvdmi,dct,40,None,traffic,data/traffic.bin,"(0, 1, 2, 3)","(120, 160, 3, 120)",0.0005334590096026659,8.63696914166212e-06,1.708185053380783,0.030710644088685513,0.036613567965105176,,,,0.0034043759806081653,0.010212084976956248,18615.55472243416,0.054469751614792554,341759.493490671,341252.12455510936
traffic_tsvdmi_40_dct_0321_64,True,traffic,tsvdmi,40,dct,0321,64,tsvdmi,dct,40,None,traffic,data/traffic.bin,"(0, 3, 2, 1)","(120, 120, 3, 160)",0.0006701119709759951,8.306000381708145e-06,1.4937759336099585,0.033002704032696784,0.0435153670841828,,,,0.004075089003890753,0.018742885906249285,11194.99332927339,0.032756934459756214,341759.493490671,341576.0874466441
traffic_tsvdmi_40_eye_0123_64,True,traffic,tsvdmi,40,eye,0123,64,tsvdmi,eye,40,None,traffic,data/traffic.bin,"(0, 1, 2, 3)","(120, 160, 3, 120)",2.254033461213112e-06,3.942602779716253e-05,1.708185053380783,,0.05959243199322373,,,,0.003116430016234517,,19840.83852824986,0.05805497405675274,341759.493490671,341183.077712679
traffic_tsvdmi_40_eye_0321_64,True,traffic,tsvdmi,40,eye,0321,64,tsvdmi,eye,40,None,traffic,data/traffic.bin,"(0, 3, 2, 1)","(120, 120, 3, 160)",2.524931915104389e-06,3.8604019209742546e-05,1.4937759336099585,,0.06799020699691027,,,,0.0034228810109198093,,6959.918863415649,0.020364961313373536,341759.493490671,341688.6169020189
traffic_tsvdmi_40_hosvd_0123_64,True,traffic,tsvdmi,40,hosvd,0123,64,tsvdmi,hosvd,40,None,traffic,data/traffic.bin,"(0, 1, 2, 3)","(120, 160, 3, 120)",0.5633054759819061,2.502801362425089e-05,1.708185053380783,0.058337480993941426,0.052544089034199715,,,,0.003794066025875509,0.01002364105079323,20840.5852587835,0.06098026728071677,341759.493490671,341123.4694316287
traffic_tsvdmi_40_hosvd_0321_64,True,traffic,tsvdmi,40,hosvd,0321,64,tsvdmi,hosvd,40,None,traffic,data/traffic.bin,"(0, 3, 2, 1)","(120, 120, 3, 160)",0.5472060579340905,2.0348932594060898e-05,1.4937759336099585,0.07836256909649819,0.04890859907027334,,,,0.004219326074235141,0.013785465038381517,11157.466621503234,0.03264713002568808,341759.493490671,341577.31530297775
traffic_tsvdmi_5_dct_0123_64,True,traffic,tsvdmi,5,dct,0123,64,tsvdmi,dct,5,None,traffic,data/traffic.bin,"(0, 1, 2, 3)","(120, 160, 3, 120)",0.0009740180103108287,1.3797078281641006e-05,13.665480427046264,0.045234823948703706,0.02003753208555281,,,,0.0027644820511341095,0.014306879951618612,53958.691776389554,0.15788498287279462,341759.493490671,337472.9781371842
traffic_tsvdmi_5_dct_0321_64,True,traffic,tsvdmi,5,dct,0321,64,tsvdmi,dct,5,None,traffic,data/traffic.bin,"(0, 3, 2, 1)","(120, 120, 3, 160)",0.0006656940095126629,9.06805507838726e-06,11.950207468879668,0.03336096403654665,0.01472387497778982,,,,0.003179371007718146,0.01292646792717278,37306.396196530906,0.10915979484721837,341759.493490671,339717.21209533594
traffic_tsvdmi_5_eye_0123_64,True,traffic,tsvdmi,5,eye,0123,64,tsvdmi,eye,5,None,traffic,data/traffic.bin,"(0, 1, 2, 3)","(120, 160, 3, 120)",2.134009264409542e-06,3.7863035686314106e-05,13.665480427046264,,0.03814962995238602,,,,0.0024868750479072332,,55029.742830815005,0.16101891499414092,341759.493490671,337299.98339011875
traffic_tsvdmi_5_eye_0321_64,True,traffic,tsvdmi,5,eye,0321,64,tsvdmi,eye,5,None,traffic,data/traffic.bin,"(0, 3, 2, 1)","(120, 120, 3, 160)",2.174987457692623e-06,4.024791996926069e-05,11.950207468879668,,0.03387454594485462,,,,0.0024097870336845517,,35435.8527035043,0.10368652042864639,341759.493490671,339917.4189919892
traffic_tsvdmi_5_hosvd_0123_64,True,traffic,tsvdmi,5,hosvd,0123,64,tsvdmi,hosvd,5,None,traffic,data/traffic.bin,"(0, 1, 2, 3)","(120, 160, 3, 120)",0.6658816400449723,3.01579711958766e-05,13.665480427046264,0.05670855101197958,0.019396545947529376,,,,0.003080900991335511,0.010325893061235547,56758.631483448204,0.1660777024910869,341759.493490671,337013.36641612015
traffic_tsvdmi_5_hosvd_0321_64,True,traffic,tsvdmi,5,hosvd,0321,64,tsvdmi,hosvd,5,None,traffic,data/traffic.bin,"(0, 3, 2, 1)","(120, 120, 3, 160)",0.5869249340612441,2.5760033167898655e-05,11.950207468879668,0.06422940408810973,0.019525473937392235,,,,0.0032212920486927032,0.013811575947329402,37363.223161554095,0.10932607249599052,341759.493490671,339710.9667731963
traffic_tsvdmii_0.0001_dct_0123_64,True,traffic,tsvdmii,0.0001,dct,0123,64,tsvdmii,dct,None,0.0001,traffic,data/traffic.bin,"(0, 1, 2, 3)","(120, 160, 3, 120)",0.0005296010058373213,9.358045645058155e-06,0.5782290730767107,0.031558618997223675,,0.011937972041778266,0.0036153619876131415,0.10597303498070687,0.047495393082499504,0.012907823082059622,34.14049657544169,9.989626396837348e-05,341759.493490671,341759.49178541667
traffic_tsvdmii_0.0001_dct_0321_64,True,traffic,tsvdmii,0.0001,dct,0321,64,tsvdmii,dct,None,0.0001,traffic,data/traffic.bin,"(0, 3, 2, 1)","(120, 120, 3, 160)",0.0006814940134063363,8.687027730047703e-06,0.5287117561720902,0.04390125197824091,,0.01220055902376771,0.004911783034913242,0.13853503100108355,0.04482740897219628,0.01449997304007411,34.15261090524172,9.99317109128791e-05,341759.493490671,341759.49178420653
traffic_tsvdmii_0.0001_eye_0123_64,False,traffic,tsvdmii,0.0001,eye,0123,64,tsvdmii,eye,None,0.0001,traffic,data/traffic.bin,"(0, 1, 2, 3)","(120, 160, 3, 120)",2.2550811991095543e-06,3.8143014535307884e-05,0.5700019643296861,,,0.030703090014867485,0.003314391942694783,0.1145795329939574,0.04842052806634456,,,,,
traffic_tsvdmii_0.0001_eye_0321_64,False,traffic,tsvdmii,0.0001,eye,0321,64,tsvdmii,eye,None,0.0001,traffic,data/traffic.bin,"(0, 3, 2, 1)","(120, 120, 3, 160)",2.3150350898504257e-06,3.957608714699745e-05,0.5229277964721439,,,0.05242893798276782,0.004800086957402527,0.1388600979698822,0.04961175506468862,,,,,
traffic_tsvdmii_0.0001_hosvd_0123_64,True,traffic,tsvdmii,0.0001,hosvd,0123,64,tsvdmii,hosvd,None,0.0001,traffic,data/traffic.bin,"(0, 1, 2, 3)","(120, 160, 3, 120)",0.5652636819286272,2.259307075291872e-05,0.57050433177204,0.048499729949980974,,0.013765175943262875,0.011226429953239858,0.10212318098638207,0.04455055401194841,0.012181563070043921,33.86557862577683,9.909184461821324e-05,341759.493490671,341759.4918127696
traffic_tsvdmii_0.0001_hosvd_0321_64,True,traffic,tsvdmii,0.0001,hosvd,0321,64,tsvdmii,hosvd,None,0.0001,traffic,data/traffic.bin,"(0, 3, 2, 1)","(120, 120, 3, 160)",0.5793577240547165,2.271309494972229e-05,0.5128019082284897,0.07474435190670192,,0.013235204038210213,0.004888897994533181,0.1348116509616375,0.05298772593960166,0.014014535932801664,34.14001280505123,9.98948484396181e-05,341759.493490671,341759.491785465
traffic_tsvdmii_0.001_dct_0123_64,True,traffic,tsvdmii,0.001,dct,0123,64,tsvdmii,dct,None,0.001,traffic,data/traffic.bin,"(0, 1, 2, 3)","(120, 160, 3, 120)",0.0005263149505481124,8.746981620788574e-06,0.7153245345241886,0.041874723974615335,,0.011504955939017236,0.0036106619518250227,0.09074067103210837,0.04667667404282838,0.012923873960971832,341.67445165940467,0.0009997511646848557,341759.493490671,341759.32269591256
traffic_tsvdmii_0.001_dct_0321_64,True,traffic,tsvdmii,0.001,dct,0321,64,tsvdmii,dct,None,0.001,traffic,data/traffic.bin,"(0, 3, 2, 1)","(120, 120, 3, 160)",0.0006572779966518283,9.187031537294388e-06,0.6675472005705056,0.04166056192480028,,0.011550955008715391,0.004932802985422313,0.11924129398539662,0.047841591062024236,0.01565421896521002,341.6875654413552,0.000999789536060634,341759.493490671,341759.322682802
traffic_tsvdmii_0.001_eye_0123_64,False,traffic,tsvdmii,0.001,eye,0123,64,tsvdmii,eye,None,0.001,traffic,data/traffic.bin,"(0, 1, 2, 3)","(120, 160, 3, 120)",2.3049069568514824e-06,3.794289659708738e-05,0.5929482395305002,,,0.031310851918533444,0.0033316350309178233,0.11035456496756524,0.0482770309317857,,,,,
traffic_tsvdmii_0.001_eye_0321_64,False,traffic,tsvdmii,0.001,eye,0321,64,tsvdmii,eye,None,0.001,traffic,data/traffic.bin,"(0, 3, 2, 1)","(120, 120, 3, 160)",2.403976395726204e-06,4.095898475497961e-05,0.6290824488454125,,,0.030190441058948636,0.004778085043653846,0.11937666404992342,0.0495283940108493,,,,,
traffic_tsvdmii_0.001_hosvd_0123_64,True,traffic,tsvdmii,0.001,hosvd,0123,64,tsvdmii,hosvd,None,0.001,traffic,data/traffic.bin,"(0, 1, 2, 3)","(120, 160, 3, 120)",0.5820762841030955,2.258399035781622e-05,0.5954890156313282,0.054893399006687105,,0.016224920051172376,0.004217051900923252,0.10204473999328911,0.04160991299431771,0.013371726963669062,341.48328568493184,0.0009991918064867255,341759.493490671,341759.32288697775
traffic_tsvdmii_0.001_hosvd_0321_64,True,traffic,tsvdmii,0.001,hosvd,0321,64,tsvdmii,hosvd,None,0.001,traffic,data/traffic.bin,"(0, 3, 2, 1)","(120, 120, 3, 160)",0.5479576400248334,1.9407016225159168e-05,0.5677058179990341,0.0509781000437215,,0.018943450995720923,0.005307846004143357,0.11490830697584897,0.04401414992753416,0.012888734927400947,341.60811976691247,0.0009995570752922987,341759.493490671,341759.32276222145
traffic_tsvdmii_0.01_dct_0123_64,True,traffic,tsvdmii,0.01,dct,0123,64,tsvdmii,dct,None,0.01,traffic,data/traffic.bin,"(0, 1, 2, 3)","(120, 160, 3, 120)",0.0005296210292726755,9.879004210233688e-06,1.9280345484153687,0.031821486074477434,,0.009221102925948799,0.0036475040251389146,0.0494418271118775,0.038189357961528,0.011329899076372385,3417.2206993883024,0.009998904974037194,341759.493490671,341742.4088311129
traffic_tsvdmii_0.01_dct_0321_64,True,traffic,tsvdmii,0.01,dct,0321,64,tsvdmii,dct,None,0.01,traffic,data/traffic.bin,"(0, 3, 2, 1)","(120, 120, 3, 160)",0.0006865839241072536,8.675968274474144e-06,1.9663031623002334,0.043853410985320807,,0.012731902999803424,0.004925278015434742,0.06457919999957085,0.03567690192721784,0.013796214945614338,3417.0498755241847,0.00999840513755168,341759.493490671,341742.4105392074
traffic_tsvdmii_0.01_eye_0123_64,False,traffic,tsvdmii,0.01,eye,0123,64,tsvdmii,eye,None,0.01,traffic,data/traffic.bin,"(0, 1, 2, 3)","(120, 160, 3, 120)",2.1939631551504135e-06,3.9946986362338066e-05,0.8106602764618948,,,0.03159516991581768,0.003276037983596325,0.07550639205146581,0.04909212200436741,,,,,
traffic_tsvdmii_0.01_eye_0321_64,False,traffic,tsvdmii,0.01,eye,0321,64,tsvdmii,eye,None,0.01,traffic,data/traffic.bin,"(0, 3, 2, 1)","(120, 120, 3, 160)",2.3739412426948547e-06,3.838399425148964e-05,1.8408535253729912,,,0.03077224304433912,0.004807631019502878,0.07262302096933126,0.04657779401168227,,,,,
traffic_tsvdmii_0.01_hosvd_0123_64,True,traffic,tsvdmii,0.01,hosvd,0123,64,tsvdmii,hosvd,None,0.01,traffic,data/traffic.bin,"(0, 1, 2, 3)","(120, 160, 3, 120)",0.6371451430022717,3.4856959246098995e-05,0.8469464163028363,0.047188640921376646,,0.01408221700694412,0.004258391913026571,0.08063027309253812,0.037524174083955586,0.011830884963274002,3417.2002474419182,0.009998845130940591,341759.493490671,341742.4090356197
traffic_tsvdmii_0.01_hosvd_0321_64,True,traffic,tsvdmii,0.01,hosvd,0321,64,tsvdmii,hosvd,None,0.01,traffic,data/traffic.bin,"(0, 3, 2, 1)","(120, 120, 3, 160)",0.5949396040523425,3.015901893377304e-05,0.877857975737235,0.06907335401047021,,0.013366366038098931,0.005257798940874636,0.076139081036672,0.03976488602347672,0.014125089976005256,3417.3010750717876,0.009999140156043886,341759.493490671,341742.4080273944
traffic_tsvdmii_0.025_dct_0123_64,True,traffic,tsvdmii,0.025,dct,0123,64,tsvdmii,dct,None,0.025,traffic,data/traffic.bin,"(0, 1, 2, 3)","(120, 160, 3, 120)",0.0005407539429143071,9.868992492556572e-06,4.561918540186067,0.03132260392885655,,0.011451013037003577,0.003612615983001888,0.03375169902574271,0.03528392396401614,0.01147005904931575,8541.263502607342,0.024992029966361396,341759.493490671,341652.7450625545
traffic_tsvdmii_0.025_dct_0321_64,True,traffic,tsvdmii,0.025,dct,0321,64,tsvdmii,dct,None,0.025,traffic,data/traffic.bin,"(0, 3, 2, 1)","(120, 120, 3, 160)",0.0006728579755872488,1.1121039278805256e-05,4.3005694894753645,0.0355986300855875,,0.009331775945611298,0.004923003958538175,0.036776522058062255,0.030230980017222464,0.013336098054423928,8541.593914333378,0.024992996762404608,341759.493490671,341652.736802155
traffic_tsvdmii_0.025_eye_0123_64,False,traffic,tsvdmii,0.025,eye,0123,64,tsvdmii,eye,None,0.025,traffic,data/traffic.bin,"(0, 1, 2, 3)","(120, 160, 3, 120)",2.1940795704722404e-06,3.8673984818160534e-05,1.064658274267801,,,0.03178844298236072,0.003331374959088862,0.05697819008491933,0.058461450971663,,,,,
traffic_tsvdmii_0.025_eye_0321_64,False,traffic,tsvdmii,0.025,eye,0321,64,tsvdmii,eye,None,0.025,traffic,data/traffic.bin,"(0, 3, 2, 1)","(120, 120, 3, 160)",2.08395067602396e-06,3.970600664615631e-05,3.0098119346532903,,,0.04990961903240532,0.004758315975777805,0.04655230406206101,0.04025312699377537,,,,,
traffic_tsvdmii_0.025_hosvd_0123_64,True,traffic,tsvdmii,0.025,hosvd,0123,64,tsvdmii,hosvd,None,0.025,traffic,data/traffic.bin,"(0, 1, 2, 3)","(120, 160, 3, 120)",0.5604227159637958,2.0941020920872688e-05,1.2521820794483443,0.05213652295060456,,0.014014234999194741,0.0043465119088068604,0.05965384002774954,0.035560247022658587,0.011623675003647804,8542.772976795799,0.024996446739610444,341759.493490671,341652.70732260693
traffic_tsvdmii_0.025_hosvd_0321_64,True,traffic,tsvdmii,0.025,hosvd,0321,64,tsvdmii,hosvd,None,0.025,traffic,data/traffic.bin,"(0, 3, 2, 1)","(120, 120, 3, 160)",0.6230572579661384,2.970709465444088e-05,1.4237030491591562,0.0850836019963026,,0.011854721931740642,0.004874270060099661,0.052001183037646115,0.043468146934174,0.014720316976308823,8543.408439056242,0.02499830612398029,341759.493490671,341652.691432752
traffic_tsvdmii_0.050_dct_0123_64,True,traffic,tsvdmii,0.050,dct,0123,64,tsvdmii,dct,None,0.05,traffic,data/traffic.bin,"(0, 1, 2, 3)","(120, 160, 3, 120)",0.0005541089922189713,9.00693703442812e-06,11.814536392259017,0.03138189995661378,,0.00985507492441684,0.0036241390043869615,0.024720893939957023,0.03228773607406765,0.010969624854624271,17080.095613925423,0.04997694559841586,341759.493490671,341332.4211451631
traffic_tsvdmii_0.050_dct_0321_64,True,traffic,tsvdmii,0.050,dct,0321,64,tsvdmii,dct,None,0.05,traffic,data/traffic.bin,"(0, 3, 2, 1)","(120, 120, 3, 160)",0.0006726569263264537,8.836970664560795e-06,11.851445423682316,0.03407110599800944,,0.009711318067274988,0.004958212957717478,0.026645204052329063,0.02789532602764666,0.013728355057537556,17081.757242053143,0.049981807579309936,341759.493490671,341332.33799410734
traffic_tsvdmii_0.050_eye_0123_64,False,traffic,tsvdmii,0.050,eye,0123,64,tsvdmii,eye,None,0.05,traffic,data/traffic.bin,"(0, 1, 2, 3)","(120, 160, 3, 120)",2.444954589009285e-06,3.9275968447327614e-05,1.5265850411893052,,,0.05144984996877611,0.0033227279782295227,0.04178770596627146,0.049770590965636075,,,,,
traffic_tsvdmii_0.050_eye_0321_64,False,traffic,tsvdmii,0.050,eye,0321,64,tsvdmii,eye,None,0.05,traffic,data/traffic.bin,"(0, 3, 2, 1)","(120, 120, 3, 160)",2.283952198922634e-06,3.7371995858848095e-05,5.0476061114592055,,,0.030786349903792143,0.004786861012689769,0.03174465801566839,0.03352084395010024,,,,,
traffic_tsvdmii_0.050_hosvd_0123_64,True,traffic,tsvdmii,0.050,hosvd,0123,64,tsvdmii,hosvd,None,0.05,traffic,data/traffic.bin,"(0, 1, 2, 3)","(120, 160, 3, 120)",0.5507238949649036,2.4306937120854855e-05,2.10850889496685,0.08229460287839174,,0.01145002106204629,0.0056647639721632,0.044503103010356426,0.03301807399839163,0.011143559939227998,17085.11874498579,0.049991643452187415,341759.493490671,341332.169753262
traffic_tsvdmii_0.050_hosvd_0321_64,True,traffic,tsvdmii,0.050,hosvd,0321,64,tsvdmii,hosvd,None,0.05,traffic,data/traffic.bin,"(0, 3, 2, 1)","(120, 120, 3, 160)",0.5646806249860674,2.555898390710354e-05,2.901122590057779,0.04683446302078664,,0.014106345013715327,0.00497323099989444,0.031441205996088684,0.038860946078784764,0.013001394108869135,17085.80782038574,0.04999365971044235,341759.493490671,341332.13526142633
traffic_tsvdmii_0.1_dct_0123_64,True,traffic,tsvdmii,0.1,dct,0123,64,tsvdmii,dct,None,0.1,traffic,data/traffic.bin,"(0, 1, 2, 3)","(120, 160, 3, 120)",0.0005348710110411048,9.348965249955654e-06,64.90201785932263,0.03249206894543022,,0.011363693978637457,0.003598830080591142,0.016509648063220084,0.033118637977167964,0.011782631976529956,34135.184684785745,0.09988072119412107,341759.493490671,340050.4970699725
traffic_tsvdmii_0.1_dct_0321_64,True,traffic,tsvdmii,0.1,dct,0321,64,tsvdmii,dct,None,0.1,traffic,data/traffic.bin,"(0, 3, 2, 1)","(120, 120, 3, 160)",0.0006715951021760702,8.486909791827202e-06,77.72492662685963,0.03539850900415331,,0.010038360022008419,0.004890842013992369,0.013719077920541167,0.011312506976537406,0.011806649970822036,34138.30625660397,0.09988985502032835,341759.493490671,340050.1837037149
traffic_tsvdmii_0.1_eye_0123_64,False,traffic,tsvdmii,0.1,eye,0123,64,tsvdmii,eye,None,0.1,traffic,data/traffic.bin,"(0, 1, 2, 3)","(120, 160, 3, 120)",2.2739404812455177e-06,4.069798160344362e-05,3.4335377957402673,,,0.029976838966831565,0.0033164260676130652,0.025220596930012107,0.0381268470082432,,,,,
traffic_tsvdmii_0.1_eye_0321_64,False,traffic,tsvdmii,0.1,eye,0321,64,tsvdmii,eye,None,0.1,traffic,data/traffic.bin,"(0, 3, 2, 1)","(120, 120, 3, 160)",2.425047568976879e-06,4.017702303826809e-05,14.806658712086321,,,0.04307266802061349,0.004799375077709556,0.018088564975187182,0.02913267503026873,,,,,
traffic_tsvdmii_0.1_hosvd_0123_64,True,traffic,tsvdmii,0.1,hosvd,0123,64,tsvdmii,hosvd,None,0.1,traffic,data/traffic.bin,"(0, 1, 2, 3)","(120, 160, 3, 120)",0.5496957720024511,2.1811923943459988e-05,5.475927152422813,0.054481255938299,,0.01487077702768147,0.004269625060260296,0.028666202095337212,0.029564945958554745,0.011137007968500257,34171.87461835249,0.09998807719816943,341759.493490671,340046.81203632464
traffic_tsvdmii_0.1_hosvd_0321_64,True,traffic,tsvdmii,0.1,hosvd,0321,64,tsvdmii,hosvd,None,0.1,traffic,data/traffic.bin,"(0, 3, 2, 1)","(120, 120, 3, 160)",0.5432540120091289,2.4848035536706448e-05,12.651300364054347,0.06871566188056022,,0.012771481066010892,0.005261386977508664,0.01608988002408296,0.02931637899018824,0.01370948099065572,34166.849136219374,0.09997337246507837,341759.493490671,340047.3170179447
traffic_tsvdmii_0.25_dct_0123_64,True,traffic,tsvdmii,0.25,dct,0123,64,tsvdmii,dct,None,0.25,traffic,data/traffic.bin,"(0, 1, 2, 3)","(120, 160, 3, 120)",0.0005257540615275502,9.128008969128132e-06,8199.288256227757,0.031169460038654506,,0.009807394002564251,0.0036183380289003253,0.00178958207834512,0.0037011069944128394,0.011037334916181862,81369.70081166552,0.23809053548321304,341759.493490671,331931.50374861987
traffic_tsvdmii_0.25_dct_0321_64,True,traffic,tsvdmii,0.25,dct,0321,64,tsvdmii,dct,None,0.25,traffic,data/traffic.bin,"(0, 3, 2, 1)","(120, 120, 3, 160)",0.0006741299293935299,8.567003533244133e-06,7170.124481327801,0.03373118385206908,,0.009515590965747833,0.004906031070277095,0.002801392925903201,0.005210650037042797,0.012618235079571605,80683.30506142632,0.23608211797525014,341759.493490671,332099.0148665979
traffic_tsvdmii_0.25_eye_0123_64,False,traffic,tsvdmii,0.25,eye,0123,64,tsvdmii,eye,None,0.25,traffic,data/traffic.bin,"(0, 1, 2, 3)","(120, 160, 3, 120)",2.204091288149357e-06,3.7522055208683014e-05,68.90158198510721,,,0.029813345056027174,0.003300224896520376,0.012835944071412086,0.012048164964653552,,,,,
traffic_tsvdmii_0.25_eye_0321_64,False,traffic,tsvdmii,0.25,eye,0321,64,tsvdmii,eye,None,0.25,traffic,data/traffic.bin,"(0, 3, 2, 1)","(120, 120, 3, 160)",2.544955350458622e-06,3.890495281666517e-05,66.85430751820793,,,0.030329943052493036,0.004794306005351245,0.010437529068440199,0.013738234993070364,,,,,
traffic_tsvdmii_0.25_hosvd_0123_64,True,traffic,tsvdmii,0.25,hosvd,0123,64,tsvdmii,hosvd,None,0.25,traffic,data/traffic.bin,"(0, 1, 2, 3)","(120, 160, 3, 120)",0.5790719640208408,3.082910552620888e-05,93.88498003314227,0.06385634501930326,,0.012741971993818879,0.00393636105582118,0.009197687031701207,0.01256537192966789,0.011700022965669632,85218.93896736573,0.24935353835223292,341759.493490671,330964.1730342975
traffic_tsvdmii_0.25_hosvd_0321_64,True,traffic,tsvdmii,0.25,hosvd,0321,64,tsvdmii,hosvd,None,0.25,traffic,data/traffic.bin,"(0, 3, 2, 1)","(120, 120, 3, 160)",0.5451421439647675,1.8915976397693157e-05,102.4303497332543,0.0880610520252958,,0.012040449888445437,0.007381765986792743,0.010418711928650737,0.011181834968738258,0.013386197038926184,84849.76518139272,0.2482733231921438,341759.493490671,331059.0109627925
traffic_tsvdmii_0.5_dct_0123_64,True,traffic,tsvdmii,0.5,dct,0123,64,tsvdmii,dct,None,0.5,traffic,data/traffic.bin,"(0, 1, 2, 3)","(120, 160, 3, 120)",0.0005368450656533241,8.99704173207283e-06,12298.932384341637,0.03183575486764312,,0.009931682026945055,0.003643366042524576,0.0016249839682132006,0.0039887819439172745,0.010550315957516432,83929.19721358526,0.2455797097436776,341759.493490671,331293.58769237145
traffic_tsvdmii_0.5_dct_0321_64,True,traffic,tsvdmii,0.5,dct,0321,64,tsvdmii,dct,None,0.5,traffic,data/traffic.bin,"(0, 3, 2, 1)","(120, 120, 3, 160)",0.0007032169960439205,9.68901440501213e-06,14340.248962655602,0.04403654800262302,,0.012465981068089604,0.004902043961919844,0.002256482024677098,0.006806837976910174,0.012393911834806204,95529.45326450605,0.2795224568271246,341759.493490671,328136.6711447907
traffic_tsvdmii_0.5_eye_0123_64,False,traffic,tsvdmii,0.5,eye,0123,64,tsvdmii,eye,None,0.5,traffic,data/traffic.bin,"(0, 1, 2, 3)","(120, 160, 3, 120)",1.9939616322517395e-06,3.990705590695143e-05,90.10206874975559,,,0.04156748205423355,0.0033128390787169337,0.010603328002616763,0.00868438696488738,,,,,
traffic_tsvdmii_0.5_eye_0321_64,False,traffic,tsvdmii,0.5,eye,0321,64,tsvdmii,eye,None,0.5,traffic,data/traffic.bin,"(0, 3, 2, 1)","(120, 120, 3, 160)",2.2939639165997505e-06,4.016701132059097e-05,91.33916536723314,,,0.03341967205051333,0.004833441926166415,0.00827794405631721,0.011946069076657295,,,,,
traffic_tsvdmii_0.5_hosvd_0123_64,True,traffic,tsvdmii,0.5,hosvd,0123,64,tsvdmii,hosvd,None,0.5,traffic,data/traffic.bin,"(0, 1, 2, 3)","(120, 160, 3, 120)",0.62494459701702,2.385699190199375e-05,296.3598164901599,0.0472881430760026,,0.021165146958082914,0.003950909012928605,0.00574750395026058,0.01022316503804177,0.010970897041261196,169839.7056093584,0.4969568039636462,341759.493490671,296570.439844443
traffic_tsvdmii_0.5_hosvd_0321_64,True,traffic,tsvdmii,0.5,hosvd,0321,64,tsvdmii,hosvd,None,0.5,traffic,data/traffic.bin,"(0, 3, 2, 1)","(120, 120, 3, 160)",0.5266491790534928,2.389692235738039e-05,243.05506716365426,0.04795889195520431,,0.013325088075362146,0.005795737961307168,0.006714650080539286,0.01110395509749651,0.013159879948943853,169362.626740473,0.49556085482990714,341759.493490671,296843.1438564264
,,,,,,,,hosvd,,,0.0001,traffic,../data/traffic.bin,0123,"(120, 160, 3, 120)",,,127.035,,,,,,,,6.10933e-10,1.78761e-15,341759,341759
,,,,,,,,hosvd,,,0.001,traffic,../data/traffic.bin,0123,"(120, 160, 3, 120)",,,127.035,,,,,,,,6.10933e-10,1.78761e-15,341759,341759
,,,,,,,,hosvd,,,0.01,traffic,../data/traffic.bin,0123,"(120, 160, 3, 120)",,,130.984,,,,,,,,2722.98,0.00796754,341759,341749
,,,,,,,,hosvd,,,0.025,traffic,../data/traffic.bin,0123,"(120, 160, 3, 120)",,,144.572,,,,,,,,7237.82,0.0211781,341759,341683
,,,,,,,,hosvd,,,0.05,traffic,../data/traffic.bin,0123,"(120, 160, 3, 120)",,,176.475,,,,,,,,16090.4,0.0470812,341759,341381
,,,,,,,,hosvd,,,0.1,traffic,../data/traffic.bin,0123,"(120, 160, 3, 120)",,,277.735,,,,,,,,29919.3,0.087545,341759,340447
,,,,,,,,hosvd,,,0.25,traffic,../data/traffic.bin,0123,"(120, 160, 3, 120)",,,1692.46,,,,,,,,74692.2,0.218552,341759,333498
,,,,,,,,hosvd,,,0.5,traffic,../data/traffic.bin,0123,"(120, 160, 3, 120)",,,17108.9,,,,,,,,85908.8,0.251372,341759,330786
,,,,,,,,hosvd,,,0.0001,traffic,../data/traffic.bin,0321,"(120, 120, 3, 160)",,,127.035,,,,,,,,6.01401e-10,1.75972e-15,341759,341759
,,,,,,,,hosvd,,,0.001,traffic,../data/traffic.bin,0321,"(120, 120, 3, 160)",,,127.035,,,,,,,,6.01401e-10,1.75972e-15,341759,341759
,,,,,,,,hosvd,,,0.01,traffic,../data/traffic.bin,0321,"(120, 120, 3, 160)",,,130.984,,,,,,,,2722.98,0.00796753,341759,341749
,,,,,,,,hosvd,,,0.025,traffic,../data/traffic.bin,0321,"(120, 120, 3, 160)",,,144.21,,,,,,,,7088.07,0.0207399,341759,341686
,,,,,,,,hosvd,,,0.05,traffic,../data/traffic.bin,0321,"(120, 120, 3, 160)",,,176.656,,,,,,,,16049.6,0.0469617,341759,341382
,,,,,,,,hosvd,,,0.1,traffic,../data/traffic.bin,0321,"(120, 120, 3, 160)",,,279.985,,,,,,,,29864.5,0.0873844,341759,340452
,,,,,,,,hosvd,,,0.25,traffic,../data/traffic.bin,0321,"(120, 120, 3, 160)",,,1896.82,,,,,,,,74660.8,0.21846,341759,333505
,,,,,,,,hosvd,,,0.5,traffic,../data/traffic.bin,0321,"(120, 120, 3, 160)",,,17108.9,,,,,,,,85908.8,0.251372,341759,330786
